{
  "norm_stats": {
    "state": {
      "mean": [
        -0.7019895315170288,
        1.3501813411712646,
        1.1768838167190552,
        -1.028066873550415,
        0.03550875186920166,
        -0.1062977984547615,
        0.5341801047325134,
        0.854742169380188,
        1.4017338752746582,
        1.2919949293136597,
        -1.0653122663497925,
        -0.10076270252466202,
        -0.08263375610113144,
        0.5881756544113159
      ],
      "std": [
        0.20609134435653687,
        0.25447604060173035,
        0.17946776747703552,
        0.2652394473552704,
        0.14449509978294373,
        0.3249058127403259,
        0.34938234090805054,
        0.2066153883934021,
        0.3006436824798584,
        0.2737795114517212,
        0.29035845398902893,
        0.1415344774723053,
        0.18689309060573578,
        0.31576383113861084
      ],
      "q01": [
        -1.0975894927978516,
        0.9823038578033447,
        0.9102790355682373,
        -1.5435141324996948,
        -0.2778555750846863,
        -1.0635955333709717,
        0.009101158939301968,
        0.18265800178050995,
        0.8610852360725403,
        0.8517051935195923,
        -1.6124435663223267,
        -0.5230951905250549,
        -0.7000305652618408,
        0.007836214266717434
      ],
      "q99": [
        -0.10791921615600586,
        1.9413495063781738,
        1.8214185237884521,
        -0.28713512420654297,
        0.43233823776245117,
        0.8985118865966797,
        0.8490386605262756,
        1.2440229654312134,
        2.158634901046753,
        2.0343105792999268,
        -0.3042469024658203,
        0.18845689296722412,
        0.3014652729034424,
        0.8493210077285767
      ]
    },
    "actions": {
      "mean": [
        -0.015603169798851013,
        0.003933886531740427,
        -0.0025306669995188713,
        0.009827856905758381,
        -0.005269815679639578,
        0.008104553446173668,
        0.5712242126464844,
        0.025892682373523712,
        -0.00012841366697102785,
        -0.0008644941844977438,
        -0.00016391120152547956,
        0.005180383566766977,
        0.006588181015104055,
        0.6208909749984741
      ],
      "std": [
        0.07784644514322281,
        0.08998093008995056,
        0.08766777068376541,
        0.08493334800004959,
        0.04618985950946808,
        0.0909375250339508,
        0.394673228263855,
        0.0888110101222992,
        0.10969465225934982,
        0.1220509484410286,
        0.09922316670417786,
        0.05519355461001396,
        0.07909976691007614,
        0.3517392873764038
      ],
      "q01": [
        -0.33554667234420776,
        -0.33169686794281006,
        -0.26632142066955566,
        -0.2689319849014282,
        -0.14413174986839294,
        -0.2683632969856262,
        0.0,
        -0.18415305018424988,
        -0.36838796734809875,
        -0.38472607731819153,
        -0.32725098729133606,
        -0.2036215364933014,
        -0.20934772491455078,
        0.0
      ],
      "q99": [
        0.15913981199264526,
        0.272078275680542,
        0.2968568801879883,
        0.2620874047279358,
        0.13816672563552856,
        0.3218425512313843,
        0.9997999668121338,
        0.3613998293876648,
        0.31081724166870117,
        0.3948788642883301,
        0.2811357378959656,
        0.1829690933227539,
        0.3073323369026184,
        0.9997999668121338
      ]
    }
  }
}